<annotation>
	<folder>Imagert_Cilp2</folder>
	<filename>10029.jpg</filename>
	<path>E:\Imagert_Cilp2\10029.jpg</path>
	<source>
		<database>Unknown</database>
	</source>
	<size>
		<width>640</width>
		<height>640</height>
		<depth>3</depth>
	</size>
	<segmented>0</segmented>
	<object>
		<name>true_crossing</name>
		<pose>Unspecified</pose>
		<truncated>0</truncated>
		<difficult>0</difficult>
		<bndbox>
			<xmin>357</xmin>
			<ymin>315</ymin>
			<xmax>435</xmax>
			<ymax>392</ymax>
		</bndbox>
	</object>
	<object>
		<name>true_crossing</name>
		<pose>Unspecified</pose>
		<truncated>0</truncated>
		<difficult>0</difficult>
		<bndbox>
			<xmin>354</xmin>
			<ymin>392</ymin>
			<xmax>432</xmax>
			<ymax>469</ymax>
		</bndbox>
	</object>
	<object>
		<name>true_crossing</name>
		<pose>Unspecified</pose>
		<truncated>0</truncated>
		<difficult>0</difficult>
		<bndbox>
			<xmin>61</xmin>
			<ymin>254</ymin>
			<xmax>143</xmax>
			<ymax>337</ymax>
		</bndbox>
	</object>
</annotation>
