<annotation>
	<folder>Imagert_Cilp2</folder>
	<filename>10025.jpg</filename>
	<path>E:\Imagert_Cilp2\10025.jpg</path>
	<source>
		<database>Unknown</database>
	</source>
	<size>
		<width>640</width>
		<height>640</height>
		<depth>3</depth>
	</size>
	<segmented>0</segmented>
	<object>
		<name>true_crossing</name>
		<pose>Unspecified</pose>
		<truncated>0</truncated>
		<difficult>0</difficult>
		<bndbox>
			<xmin>101</xmin>
			<ymin>295</ymin>
			<xmax>198</xmax>
			<ymax>370</ymax>
		</bndbox>
	</object>
	<object>
		<name>true_crossing</name>
		<pose>Unspecified</pose>
		<truncated>0</truncated>
		<difficult>0</difficult>
		<bndbox>
			<xmin>27</xmin>
			<ymin>384</ymin>
			<xmax>111</xmax>
			<ymax>470</ymax>
		</bndbox>
	</object>
	<object>
		<name>true_crossing</name>
		<pose>Unspecified</pose>
		<truncated>0</truncated>
		<difficult>0</difficult>
		<bndbox>
			<xmin>404</xmin>
			<ymin>322</ymin>
			<xmax>537</xmax>
			<ymax>442</ymax>
		</bndbox>
	</object>
</annotation>
