<annotation>
	<folder>Imagert_Cilp2</folder>
	<filename>10030.jpg</filename>
	<path>E:\Imagert_Cilp2\10030.jpg</path>
	<source>
		<database>Unknown</database>
	</source>
	<size>
		<width>640</width>
		<height>640</height>
		<depth>3</depth>
	</size>
	<segmented>0</segmented>
	<object>
		<name>true_crossing</name>
		<pose>Unspecified</pose>
		<truncated>0</truncated>
		<difficult>0</difficult>
		<bndbox>
			<xmin>11</xmin>
			<ymin>352</ymin>
			<xmax>86</xmax>
			<ymax>432</ymax>
		</bndbox>
	</object>
	<object>
		<name>true_crossing</name>
		<pose>Unspecified</pose>
		<truncated>0</truncated>
		<difficult>0</difficult>
		<bndbox>
			<xmin>308</xmin>
			<ymin>405</ymin>
			<xmax>416</xmax>
			<ymax>508</ymax>
		</bndbox>
	</object>
</annotation>
