<annotation>
	<folder>Imagert_Cilp2</folder>
	<filename>10034.jpg</filename>
	<path>E:\Imagert_Cilp2\10034.jpg</path>
	<source>
		<database>Unknown</database>
	</source>
	<size>
		<width>640</width>
		<height>640</height>
		<depth>3</depth>
	</size>
	<segmented>0</segmented>
	<object>
		<name>true_crossing</name>
		<pose>Unspecified</pose>
		<truncated>0</truncated>
		<difficult>0</difficult>
		<bndbox>
			<xmin>300</xmin>
			<ymin>282</ymin>
			<xmax>398</xmax>
			<ymax>380</ymax>
		</bndbox>
	</object>
	<object>
		<name>true_crossing</name>
		<pose>Unspecified</pose>
		<truncated>0</truncated>
		<difficult>0</difficult>
		<bndbox>
			<xmin>265</xmin>
			<ymin>502</ymin>
			<xmax>363</xmax>
			<ymax>600</ymax>
		</bndbox>
	</object>
</annotation>
