<annotation>
	<folder>Imagert_Cilp2</folder>
	<filename>10047.jpg</filename>
	<path>E:\Imagert_Cilp2\10047.jpg</path>
	<source>
		<database>Unknown</database>
	</source>
	<size>
		<width>640</width>
		<height>640</height>
		<depth>3</depth>
	</size>
	<segmented>0</segmented>
	<object>
		<name>true_crossing</name>
		<pose>Unspecified</pose>
		<truncated>0</truncated>
		<difficult>0</difficult>
		<bndbox>
			<xmin>134</xmin>
			<ymin>213</ymin>
			<xmax>257</xmax>
			<ymax>339</ymax>
		</bndbox>
	</object>
	<object>
		<name>true_crossing</name>
		<pose>Unspecified</pose>
		<truncated>0</truncated>
		<difficult>0</difficult>
		<bndbox>
			<xmin>433</xmin>
			<ymin>257</ymin>
			<xmax>546</xmax>
			<ymax>378</ymax>
		</bndbox>
	</object>
</annotation>
