<annotation>
	<folder>Imagert_Cilp2</folder>
	<filename>10053.jpg</filename>
	<path>E:\Imagert_Cilp2\10053.jpg</path>
	<source>
		<database>Unknown</database>
	</source>
	<size>
		<width>640</width>
		<height>640</height>
		<depth>3</depth>
	</size>
	<segmented>0</segmented>
	<object>
		<name>true_crossing</name>
		<pose>Unspecified</pose>
		<truncated>0</truncated>
		<difficult>0</difficult>
		<bndbox>
			<xmin>447</xmin>
			<ymin>285</ymin>
			<xmax>530</xmax>
			<ymax>371</ymax>
		</bndbox>
	</object>
	<object>
		<name>true_crossing</name>
		<pose>Unspecified</pose>
		<truncated>1</truncated>
		<difficult>0</difficult>
		<bndbox>
			<xmin>405</xmin>
			<ymin>566</ymin>
			<xmax>486</xmax>
			<ymax>640</ymax>
		</bndbox>
	</object>
	<object>
		<name>true_crossing</name>
		<pose>Unspecified</pose>
		<truncated>0</truncated>
		<difficult>0</difficult>
		<bndbox>
			<xmin>207</xmin>
			<ymin>534</ymin>
			<xmax>293</xmax>
			<ymax>614</ymax>
		</bndbox>
	</object>
</annotation>
