<annotation>
	<folder>Imagert_Cilp2</folder>
	<filename>10078.jpg</filename>
	<path>E:\Imagert_Cilp2\10078.jpg</path>
	<source>
		<database>Unknown</database>
	</source>
	<size>
		<width>640</width>
		<height>640</height>
		<depth>3</depth>
	</size>
	<segmented>0</segmented>
	<object>
		<name>true_crossing</name>
		<pose>Unspecified</pose>
		<truncated>0</truncated>
		<difficult>0</difficult>
		<bndbox>
			<xmin>298</xmin>
			<ymin>172</ymin>
			<xmax>420</xmax>
			<ymax>285</ymax>
		</bndbox>
	</object>
	<object>
		<name>true_crossing</name>
		<pose>Unspecified</pose>
		<truncated>0</truncated>
		<difficult>0</difficult>
		<bndbox>
			<xmin>255</xmin>
			<ymin>385</ymin>
			<xmax>377</xmax>
			<ymax>498</ymax>
		</bndbox>
	</object>
	<object>
		<name>true_crossing</name>
		<pose>Unspecified</pose>
		<truncated>0</truncated>
		<difficult>0</difficult>
		<bndbox>
			<xmin>2</xmin>
			<ymin>134</ymin>
			<xmax>89</xmax>
			<ymax>223</ymax>
		</bndbox>
	</object>
</annotation>
