<annotation>
	<folder>Imagert_Cilp2</folder>
	<filename>10071.jpg</filename>
	<path>E:\Imagert_Cilp2\10071.jpg</path>
	<source>
		<database>Unknown</database>
	</source>
	<size>
		<width>640</width>
		<height>640</height>
		<depth>3</depth>
	</size>
	<segmented>0</segmented>
	<object>
		<name>true_crossing</name>
		<pose>Unspecified</pose>
		<truncated>0</truncated>
		<difficult>0</difficult>
		<bndbox>
			<xmin>432</xmin>
			<ymin>8</ymin>
			<xmax>541</xmax>
			<ymax>109</ymax>
		</bndbox>
	</object>
	<object>
		<name>true_crossing</name>
		<pose>Unspecified</pose>
		<truncated>0</truncated>
		<difficult>0</difficult>
		<bndbox>
			<xmin>377</xmin>
			<ymin>344</ymin>
			<xmax>491</xmax>
			<ymax>452</ymax>
		</bndbox>
	</object>
</annotation>
