<annotation>
	<folder>Imagert_Cilp2</folder>
	<filename>10085.jpg</filename>
	<path>E:\Imagert_Cilp2\10085.jpg</path>
	<source>
		<database>Unknown</database>
	</source>
	<size>
		<width>640</width>
		<height>640</height>
		<depth>3</depth>
	</size>
	<segmented>0</segmented>
	<object>
		<name>true_crossing</name>
		<pose>Unspecified</pose>
		<truncated>0</truncated>
		<difficult>0</difficult>
		<bndbox>
			<xmin>168</xmin>
			<ymin>223</ymin>
			<xmax>300</xmax>
			<ymax>346</ymax>
		</bndbox>
	</object>
	<object>
		<name>true_crossing</name>
		<pose>Unspecified</pose>
		<truncated>0</truncated>
		<difficult>0</difficult>
		<bndbox>
			<xmin>144</xmin>
			<ymin>409</ymin>
			<xmax>276</xmax>
			<ymax>532</ymax>
		</bndbox>
	</object>
	<object>
		<name>true_crossing</name>
		<pose>Unspecified</pose>
		<truncated>1</truncated>
		<difficult>0</difficult>
		<bndbox>
			<xmin>224</xmin>
			<ymin>1</ymin>
			<xmax>347</xmax>
			<ymax>88</ymax>
		</bndbox>
	</object>
</annotation>
