<annotation>
	<folder>Imagert_Cilp2</folder>
	<filename>10104.jpg</filename>
	<path>E:\Imagert_Cilp2\10104.jpg</path>
	<source>
		<database>Unknown</database>
	</source>
	<size>
		<width>640</width>
		<height>640</height>
		<depth>3</depth>
	</size>
	<segmented>0</segmented>
	<object>
		<name>true_crossing</name>
		<pose>Unspecified</pose>
		<truncated>0</truncated>
		<difficult>0</difficult>
		<bndbox>
			<xmin>293</xmin>
			<ymin>279</ymin>
			<xmax>384</xmax>
			<ymax>372</ymax>
		</bndbox>
	</object>
	<object>
		<name>true_crossing</name>
		<pose>Unspecified</pose>
		<truncated>0</truncated>
		<difficult>0</difficult>
		<bndbox>
			<xmin>467</xmin>
			<ymin>338</ymin>
			<xmax>562</xmax>
			<ymax>433</ymax>
		</bndbox>
	</object>
	<object>
		<name>true_crossing</name>
		<pose>Unspecified</pose>
		<truncated>0</truncated>
		<difficult>0</difficult>
		<bndbox>
			<xmin>202</xmin>
			<ymin>251</ymin>
			<xmax>293</xmax>
			<ymax>344</ymax>
		</bndbox>
	</object>
</annotation>
