<annotation>
	<folder>Imagert_Cilp2</folder>
	<filename>10105.jpg</filename>
	<path>E:\Imagert_Cilp2\10105.jpg</path>
	<source>
		<database>Unknown</database>
	</source>
	<size>
		<width>640</width>
		<height>640</height>
		<depth>3</depth>
	</size>
	<segmented>0</segmented>
	<object>
		<name>true_crossing</name>
		<pose>Unspecified</pose>
		<truncated>0</truncated>
		<difficult>0</difficult>
		<bndbox>
			<xmin>129</xmin>
			<ymin>436</ymin>
			<xmax>226</xmax>
			<ymax>536</ymax>
		</bndbox>
	</object>
	<object>
		<name>true_crossing</name>
		<pose>Unspecified</pose>
		<truncated>1</truncated>
		<difficult>0</difficult>
		<bndbox>
			<xmin>1</xmin>
			<ymin>389</ymin>
			<xmax>81</xmax>
			<ymax>484</ymax>
		</bndbox>
	</object>
	<object>
		<name>true_crossing</name>
		<pose>Unspecified</pose>
		<truncated>0</truncated>
		<difficult>0</difficult>
		<bndbox>
			<xmin>276</xmin>
			<ymin>480</ymin>
			<xmax>370</xmax>
			<ymax>577</ymax>
		</bndbox>
	</object>
</annotation>
