<annotation>
	<folder>Imagert_Cilp2</folder>
	<filename>10100.jpg</filename>
	<path>E:\Imagert_Cilp2\10100.jpg</path>
	<source>
		<database>Unknown</database>
	</source>
	<size>
		<width>640</width>
		<height>640</height>
		<depth>3</depth>
	</size>
	<segmented>0</segmented>
	<object>
		<name>true_crossing</name>
		<pose>Unspecified</pose>
		<truncated>0</truncated>
		<difficult>0</difficult>
		<bndbox>
			<xmin>36</xmin>
			<ymin>485</ymin>
			<xmax>141</xmax>
			<ymax>596</ymax>
		</bndbox>
	</object>
	<object>
		<name>true_crossing</name>
		<pose>Unspecified</pose>
		<truncated>0</truncated>
		<difficult>0</difficult>
		<bndbox>
			<xmin>468</xmin>
			<ymin>206</ymin>
			<xmax>550</xmax>
			<ymax>284</ymax>
		</bndbox>
	</object>
	<object>
		<name>true_crossing</name>
		<pose>Unspecified</pose>
		<truncated>1</truncated>
		<difficult>0</difficult>
		<bndbox>
			<xmin>397</xmin>
			<ymin>529</ymin>
			<xmax>509</xmax>
			<ymax>640</ymax>
		</bndbox>
	</object>
</annotation>
