<annotation>
	<folder>Imagert_Cilp2</folder>
	<filename>10149.jpg</filename>
	<path>E:\Imagert_Cilp2\10149.jpg</path>
	<source>
		<database>Unknown</database>
	</source>
	<size>
		<width>640</width>
		<height>640</height>
		<depth>3</depth>
	</size>
	<segmented>0</segmented>
	<object>
		<name>false_crossing</name>
		<pose>Unspecified</pose>
		<truncated>0</truncated>
		<difficult>0</difficult>
		<bndbox>
			<xmin>11</xmin>
			<ymin>105</ymin>
			<xmax>133</xmax>
			<ymax>295</ymax>
		</bndbox>
	</object>
	<object>
		<name>false_crossing</name>
		<pose>Unspecified</pose>
		<truncated>0</truncated>
		<difficult>0</difficult>
		<bndbox>
			<xmin>121</xmin>
			<ymin>145</ymin>
			<xmax>254</xmax>
			<ymax>322</ymax>
		</bndbox>
	</object>
	<object>
		<name>false_crossing</name>
		<pose>Unspecified</pose>
		<truncated>0</truncated>
		<difficult>0</difficult>
		<bndbox>
			<xmin>356</xmin>
			<ymin>203</ymin>
			<xmax>479</xmax>
			<ymax>376</ymax>
		</bndbox>
	</object>
</annotation>
