<annotation>
	<folder>Imagert_Cilp2</folder>
	<filename>10144.jpg</filename>
	<path>E:\Imagert_Cilp2\10144.jpg</path>
	<source>
		<database>Unknown</database>
	</source>
	<size>
		<width>640</width>
		<height>640</height>
		<depth>3</depth>
	</size>
	<segmented>0</segmented>
	<object>
		<name>true_crossing</name>
		<pose>Unspecified</pose>
		<truncated>0</truncated>
		<difficult>0</difficult>
		<bndbox>
			<xmin>198</xmin>
			<ymin>287</ymin>
			<xmax>281</xmax>
			<ymax>372</ymax>
		</bndbox>
	</object>
	<object>
		<name>true_crossing</name>
		<pose>Unspecified</pose>
		<truncated>0</truncated>
		<difficult>0</difficult>
		<bndbox>
			<xmin>495</xmin>
			<ymin>337</ymin>
			<xmax>578</xmax>
			<ymax>422</ymax>
		</bndbox>
	</object>
</annotation>
