<annotation>
	<folder>Imagert_Cilp2</folder>
	<filename>10153.jpg</filename>
	<path>E:\Imagert_Cilp2\10153.jpg</path>
	<source>
		<database>Unknown</database>
	</source>
	<size>
		<width>640</width>
		<height>640</height>
		<depth>3</depth>
	</size>
	<segmented>0</segmented>
	<object>
		<name>true_crossing</name>
		<pose>Unspecified</pose>
		<truncated>0</truncated>
		<difficult>0</difficult>
		<bndbox>
			<xmin>304</xmin>
			<ymin>371</ymin>
			<xmax>411</xmax>
			<ymax>479</ymax>
		</bndbox>
	</object>
	<object>
		<name>true_crossing</name>
		<pose>Unspecified</pose>
		<truncated>0</truncated>
		<difficult>0</difficult>
		<bndbox>
			<xmin>2</xmin>
			<ymin>322</ymin>
			<xmax>109</xmax>
			<ymax>430</ymax>
		</bndbox>
	</object>
</annotation>
