<annotation>
	<folder>Imagert_Cilp2</folder>
	<filename>10195.jpg</filename>
	<path>E:\Imagert_Cilp2\10195.jpg</path>
	<source>
		<database>Unknown</database>
	</source>
	<size>
		<width>640</width>
		<height>640</height>
		<depth>3</depth>
	</size>
	<segmented>0</segmented>
	<object>
		<name>true_crossing</name>
		<pose>Unspecified</pose>
		<truncated>0</truncated>
		<difficult>0</difficult>
		<bndbox>
			<xmin>59</xmin>
			<ymin>458</ymin>
			<xmax>144</xmax>
			<ymax>543</ymax>
		</bndbox>
	</object>
	<object>
		<name>true_crossing</name>
		<pose>Unspecified</pose>
		<truncated>0</truncated>
		<difficult>0</difficult>
		<bndbox>
			<xmin>458</xmin>
			<ymin>475</ymin>
			<xmax>530</xmax>
			<ymax>547</ymax>
		</bndbox>
	</object>
</annotation>
