<annotation>
	<folder>Imagert_Cilp2</folder>
	<filename>10196.jpg</filename>
	<path>E:\Imagert_Cilp2\10196.jpg</path>
	<source>
		<database>Unknown</database>
	</source>
	<size>
		<width>640</width>
		<height>640</height>
		<depth>3</depth>
	</size>
	<segmented>0</segmented>
	<object>
		<name>true_crossing</name>
		<pose>Unspecified</pose>
		<truncated>0</truncated>
		<difficult>0</difficult>
		<bndbox>
			<xmin>24</xmin>
			<ymin>254</ymin>
			<xmax>99</xmax>
			<ymax>325</ymax>
		</bndbox>
	</object>
	<object>
		<name>true_crossing</name>
		<pose>Unspecified</pose>
		<truncated>0</truncated>
		<difficult>0</difficult>
		<bndbox>
			<xmin>219</xmin>
			<ymin>250</ymin>
			<xmax>302</xmax>
			<ymax>330</ymax>
		</bndbox>
	</object>
	<object>
		<name>true_crossing</name>
		<pose>Unspecified</pose>
		<truncated>0</truncated>
		<difficult>0</difficult>
		<bndbox>
			<xmin>378</xmin>
			<ymin>245</ymin>
			<xmax>469</xmax>
			<ymax>330</ymax>
		</bndbox>
	</object>
</annotation>
