<annotation>
	<folder>Imagert_Cilp2</folder>
	<filename>10201.jpg</filename>
	<path>E:\Imagert_Cilp2\10201.jpg</path>
	<source>
		<database>Unknown</database>
	</source>
	<size>
		<width>640</width>
		<height>640</height>
		<depth>3</depth>
	</size>
	<segmented>0</segmented>
	<object>
		<name>true_crossing</name>
		<pose>Unspecified</pose>
		<truncated>0</truncated>
		<difficult>0</difficult>
		<bndbox>
			<xmin>25</xmin>
			<ymin>2</ymin>
			<xmax>107</xmax>
			<ymax>74</ymax>
		</bndbox>
	</object>
	<object>
		<name>true_crossing</name>
		<pose>Unspecified</pose>
		<truncated>0</truncated>
		<difficult>0</difficult>
		<bndbox>
			<xmin>240</xmin>
			<ymin>4</ymin>
			<xmax>322</xmax>
			<ymax>76</ymax>
		</bndbox>
	</object>
	<object>
		<name>true_crossing</name>
		<pose>Unspecified</pose>
		<truncated>0</truncated>
		<difficult>0</difficult>
		<bndbox>
			<xmin>461</xmin>
			<ymin>3</ymin>
			<xmax>543</xmax>
			<ymax>75</ymax>
		</bndbox>
	</object>
</annotation>
