<annotation>
	<folder>Imagert_Cilp2</folder>
	<filename>10210.jpg</filename>
	<path>E:\Imagert_Cilp2\10210.jpg</path>
	<source>
		<database>Unknown</database>
	</source>
	<size>
		<width>640</width>
		<height>640</height>
		<depth>3</depth>
	</size>
	<segmented>0</segmented>
	<object>
		<name>true_crossing</name>
		<pose>Unspecified</pose>
		<truncated>0</truncated>
		<difficult>0</difficult>
		<bndbox>
			<xmin>208</xmin>
			<ymin>160</ymin>
			<xmax>318</xmax>
			<ymax>271</ymax>
		</bndbox>
	</object>
	<object>
		<name>true_crossing</name>
		<pose>Unspecified</pose>
		<truncated>0</truncated>
		<difficult>0</difficult>
		<bndbox>
			<xmin>217</xmin>
			<ymin>412</ymin>
			<xmax>307</xmax>
			<ymax>499</ymax>
		</bndbox>
	</object>
</annotation>
