<annotation>
	<folder>Imagert_Cilp2</folder>
	<filename>10217.jpg</filename>
	<path>E:\Imagert_Cilp2\10217.jpg</path>
	<source>
		<database>Unknown</database>
	</source>
	<size>
		<width>640</width>
		<height>640</height>
		<depth>3</depth>
	</size>
	<segmented>0</segmented>
	<object>
		<name>true_crossing</name>
		<pose>Unspecified</pose>
		<truncated>0</truncated>
		<difficult>0</difficult>
		<bndbox>
			<xmin>219</xmin>
			<ymin>3</ymin>
			<xmax>300</xmax>
			<ymax>78</ymax>
		</bndbox>
	</object>
	<object>
		<name>true_crossing</name>
		<pose>Unspecified</pose>
		<truncated>0</truncated>
		<difficult>0</difficult>
		<bndbox>
			<xmin>223</xmin>
			<ymin>231</ymin>
			<xmax>304</xmax>
			<ymax>306</ymax>
		</bndbox>
	</object>
	<object>
		<name>true_crossing</name>
		<pose>Unspecified</pose>
		<truncated>0</truncated>
		<difficult>0</difficult>
		<bndbox>
			<xmin>149</xmin>
			<ymin>487</ymin>
			<xmax>268</xmax>
			<ymax>576</ymax>
		</bndbox>
	</object>
</annotation>
