<annotation>
	<folder>Imagert_Cilp2</folder>
	<filename>10229.jpg</filename>
	<path>E:\Imagert_Cilp2\10229.jpg</path>
	<source>
		<database>Unknown</database>
	</source>
	<size>
		<width>640</width>
		<height>640</height>
		<depth>3</depth>
	</size>
	<segmented>0</segmented>
	<object>
		<name>true_crossing</name>
		<pose>Unspecified</pose>
		<truncated>0</truncated>
		<difficult>0</difficult>
		<bndbox>
			<xmin>304</xmin>
			<ymin>88</ymin>
			<xmax>377</xmax>
			<ymax>161</ymax>
		</bndbox>
	</object>
	<object>
		<name>true_crossing</name>
		<pose>Unspecified</pose>
		<truncated>0</truncated>
		<difficult>0</difficult>
		<bndbox>
			<xmin>315</xmin>
			<ymin>281</ymin>
			<xmax>388</xmax>
			<ymax>354</ymax>
		</bndbox>
	</object>
	<object>
		<name>true_crossing</name>
		<pose>Unspecified</pose>
		<truncated>0</truncated>
		<difficult>0</difficult>
		<bndbox>
			<xmin>314</xmin>
			<ymin>477</ymin>
			<xmax>395</xmax>
			<ymax>560</ymax>
		</bndbox>
	</object>
</annotation>
