<annotation>
	<folder>Imagert_Cilp2</folder>
	<filename>10256.jpg</filename>
	<path>E:\Imagert_Cilp2\10256.jpg</path>
	<source>
		<database>Unknown</database>
	</source>
	<size>
		<width>640</width>
		<height>640</height>
		<depth>3</depth>
	</size>
	<segmented>0</segmented>
	<object>
		<name>true_crossing</name>
		<pose>Unspecified</pose>
		<truncated>0</truncated>
		<difficult>0</difficult>
		<bndbox>
			<xmin>57</xmin>
			<ymin>283</ymin>
			<xmax>149</xmax>
			<ymax>377</ymax>
		</bndbox>
	</object>
	<object>
		<name>true_crossing</name>
		<pose>Unspecified</pose>
		<truncated>0</truncated>
		<difficult>0</difficult>
		<bndbox>
			<xmin>63</xmin>
			<ymin>512</ymin>
			<xmax>147</xmax>
			<ymax>590</ymax>
		</bndbox>
	</object>
	<object>
		<name>true_crossing</name>
		<pose>Unspecified</pose>
		<truncated>0</truncated>
		<difficult>0</difficult>
		<bndbox>
			<xmin>497</xmin>
			<ymin>505</ymin>
			<xmax>600</xmax>
			<ymax>611</ymax>
		</bndbox>
	</object>
	<object>
		<name>true_crossing</name>
		<pose>Unspecified</pose>
		<truncated>0</truncated>
		<difficult>0</difficult>
		<bndbox>
			<xmin>497</xmin>
			<ymin>276</ymin>
			<xmax>588</xmax>
			<ymax>368</ymax>
		</bndbox>
	</object>
</annotation>
