<annotation>
	<folder>Imagert_Cilp2</folder>
	<filename>10271.jpg</filename>
	<path>E:\Imagert_Cilp2\10271.jpg</path>
	<source>
		<database>Unknown</database>
	</source>
	<size>
		<width>640</width>
		<height>640</height>
		<depth>3</depth>
	</size>
	<segmented>0</segmented>
	<object>
		<name>true_crossing</name>
		<pose>Unspecified</pose>
		<truncated>0</truncated>
		<difficult>0</difficult>
		<bndbox>
			<xmin>283</xmin>
			<ymin>140</ymin>
			<xmax>372</xmax>
			<ymax>220</ymax>
		</bndbox>
	</object>
	<object>
		<name>true_crossing</name>
		<pose>Unspecified</pose>
		<truncated>0</truncated>
		<difficult>0</difficult>
		<bndbox>
			<xmin>281</xmin>
			<ymin>249</ymin>
			<xmax>382</xmax>
			<ymax>348</ymax>
		</bndbox>
	</object>
	<object>
		<name>true_crossing</name>
		<pose>Unspecified</pose>
		<truncated>0</truncated>
		<difficult>0</difficult>
		<bndbox>
			<xmin>291</xmin>
			<ymin>474</ymin>
			<xmax>368</xmax>
			<ymax>559</ymax>
		</bndbox>
	</object>
</annotation>
