<annotation>
	<folder>Imagert_Cilp2</folder>
	<filename>10308.jpg</filename>
	<path>E:\Imagert_Cilp2\10308.jpg</path>
	<source>
		<database>Unknown</database>
	</source>
	<size>
		<width>640</width>
		<height>640</height>
		<depth>3</depth>
	</size>
	<segmented>0</segmented>
	<object>
		<name>true_crossing</name>
		<pose>Unspecified</pose>
		<truncated>0</truncated>
		<difficult>0</difficult>
		<bndbox>
			<xmin>179</xmin>
			<ymin>173</ymin>
			<xmax>327</xmax>
			<ymax>310</ymax>
		</bndbox>
	</object>
</annotation>
