<annotation>
	<folder>Imagert_Cilp2</folder>
	<filename>10363.jpg</filename>
	<path>E:\Imagert_Cilp2\10363.jpg</path>
	<source>
		<database>Unknown</database>
	</source>
	<size>
		<width>640</width>
		<height>640</height>
		<depth>3</depth>
	</size>
	<segmented>0</segmented>
	<object>
		<name>true_crossing</name>
		<pose>Unspecified</pose>
		<truncated>0</truncated>
		<difficult>0</difficult>
		<bndbox>
			<xmin>181</xmin>
			<ymin>489</ymin>
			<xmax>275</xmax>
			<ymax>587</ymax>
		</bndbox>
	</object>
	<object>
		<name>true_crossing</name>
		<pose>Unspecified</pose>
		<truncated>0</truncated>
		<difficult>0</difficult>
		<bndbox>
			<xmin>412</xmin>
			<ymin>487</ymin>
			<xmax>506</xmax>
			<ymax>585</ymax>
		</bndbox>
	</object>
	<object>
		<name>true_crossing</name>
		<pose>Unspecified</pose>
		<truncated>0</truncated>
		<difficult>0</difficult>
		<bndbox>
			<xmin>167</xmin>
			<ymin>77</ymin>
			<xmax>253</xmax>
			<ymax>164</ymax>
		</bndbox>
	</object>
</annotation>
