<annotation>
	<folder>Imagert_Cilp2</folder>
	<filename>10371.jpg</filename>
	<path>E:\Imagert_Cilp2\10371.jpg</path>
	<source>
		<database>Unknown</database>
	</source>
	<size>
		<width>640</width>
		<height>640</height>
		<depth>3</depth>
	</size>
	<segmented>0</segmented>
	<object>
		<name>true_crossing</name>
		<pose>Unspecified</pose>
		<truncated>0</truncated>
		<difficult>0</difficult>
		<bndbox>
			<xmin>132</xmin>
			<ymin>67</ymin>
			<xmax>274</xmax>
			<ymax>185</ymax>
		</bndbox>
	</object>
	<object>
		<name>true_crossing</name>
		<pose>Unspecified</pose>
		<truncated>0</truncated>
		<difficult>0</difficult>
		<bndbox>
			<xmin>312</xmin>
			<ymin>25</ymin>
			<xmax>414</xmax>
			<ymax>105</ymax>
		</bndbox>
	</object>
	<object>
		<name>true_crossing</name>
		<pose>Unspecified</pose>
		<truncated>0</truncated>
		<difficult>0</difficult>
		<bndbox>
			<xmin>141</xmin>
			<ymin>351</ymin>
			<xmax>240</xmax>
			<ymax>452</ymax>
		</bndbox>
	</object>
</annotation>
