<annotation>
	<folder>Imagert_Cilp2</folder>
	<filename>10398.jpg</filename>
	<path>E:\Imagert_Cilp2\10398.jpg</path>
	<source>
		<database>Unknown</database>
	</source>
	<size>
		<width>640</width>
		<height>640</height>
		<depth>3</depth>
	</size>
	<segmented>0</segmented>
	<object>
		<name>true_crossing</name>
		<pose>Unspecified</pose>
		<truncated>0</truncated>
		<difficult>0</difficult>
		<bndbox>
			<xmin>327</xmin>
			<ymin>518</ymin>
			<xmax>441</xmax>
			<ymax>628</ymax>
		</bndbox>
	</object>
	<object>
		<name>true_crossing</name>
		<pose>Unspecified</pose>
		<truncated>0</truncated>
		<difficult>0</difficult>
		<bndbox>
			<xmin>230</xmin>
			<ymin>128</ymin>
			<xmax>344</xmax>
			<ymax>238</ymax>
		</bndbox>
	</object>
	<object>
		<name>true_crossing</name>
		<pose>Unspecified</pose>
		<truncated>0</truncated>
		<difficult>0</difficult>
		<bndbox>
			<xmin>410</xmin>
			<ymin>94</ymin>
			<xmax>499</xmax>
			<ymax>178</ymax>
		</bndbox>
	</object>
</annotation>
