<annotation>
	<folder>Imagert_Cilp2</folder>
	<filename>10397.jpg</filename>
	<path>E:\Imagert_Cilp2\10397.jpg</path>
	<source>
		<database>Unknown</database>
	</source>
	<size>
		<width>640</width>
		<height>640</height>
		<depth>3</depth>
	</size>
	<segmented>0</segmented>
	<object>
		<name>true_crossing</name>
		<pose>Unspecified</pose>
		<truncated>0</truncated>
		<difficult>0</difficult>
		<bndbox>
			<xmin>414</xmin>
			<ymin>254</ymin>
			<xmax>500</xmax>
			<ymax>338</ymax>
		</bndbox>
	</object>
</annotation>
