<annotation>
	<folder>Imagert_Cilp2</folder>
	<filename>10393.jpg</filename>
	<path>E:\Imagert_Cilp2\10393.jpg</path>
	<source>
		<database>Unknown</database>
	</source>
	<size>
		<width>640</width>
		<height>640</height>
		<depth>3</depth>
	</size>
	<segmented>0</segmented>
	<object>
		<name>true_crossing</name>
		<pose>Unspecified</pose>
		<truncated>0</truncated>
		<difficult>0</difficult>
		<bndbox>
			<xmin>368</xmin>
			<ymin>132</ymin>
			<xmax>458</xmax>
			<ymax>223</ymax>
		</bndbox>
	</object>
	<object>
		<name>true_crossing</name>
		<pose>Unspecified</pose>
		<truncated>0</truncated>
		<difficult>0</difficult>
		<bndbox>
			<xmin>422</xmin>
			<ymin>411</ymin>
			<xmax>537</xmax>
			<ymax>528</ymax>
		</bndbox>
	</object>
	<object>
		<name>true_crossing</name>
		<pose>Unspecified</pose>
		<truncated>0</truncated>
		<difficult>0</difficult>
		<bndbox>
			<xmin>58</xmin>
			<ymin>506</ymin>
			<xmax>161</xmax>
			<ymax>608</ymax>
		</bndbox>
	</object>
</annotation>
