<annotation>
	<folder>Imagert_Cilp2</folder>
	<filename>10394.jpg</filename>
	<path>E:\Imagert_Cilp2\10394.jpg</path>
	<source>
		<database>Unknown</database>
	</source>
	<size>
		<width>640</width>
		<height>640</height>
		<depth>3</depth>
	</size>
	<segmented>0</segmented>
	<object>
		<name>true_crossing</name>
		<pose>Unspecified</pose>
		<truncated>0</truncated>
		<difficult>0</difficult>
		<bndbox>
			<xmin>170</xmin>
			<ymin>316</ymin>
			<xmax>274</xmax>
			<ymax>419</ymax>
		</bndbox>
	</object>
	<object>
		<name>true_crossing</name>
		<pose>Unspecified</pose>
		<truncated>0</truncated>
		<difficult>0</difficult>
		<bndbox>
			<xmin>531</xmin>
			<ymin>237</ymin>
			<xmax>635</xmax>
			<ymax>340</ymax>
		</bndbox>
	</object>
	<object>
		<name>true_crossing</name>
		<pose>Unspecified</pose>
		<truncated>0</truncated>
		<difficult>0</difficult>
		<bndbox>
			<xmin>112</xmin>
			<ymin>46</ymin>
			<xmax>190</xmax>
			<ymax>121</ymax>
		</bndbox>
	</object>
</annotation>
