<annotation>
	<folder>Imagert_Cilp2</folder>
	<filename>10401.jpg</filename>
	<path>E:\Imagert_Cilp2\10401.jpg</path>
	<source>
		<database>Unknown</database>
	</source>
	<size>
		<width>640</width>
		<height>640</height>
		<depth>3</depth>
	</size>
	<segmented>0</segmented>
	<object>
		<name>true_crossing</name>
		<pose>Unspecified</pose>
		<truncated>0</truncated>
		<difficult>0</difficult>
		<bndbox>
			<xmin>344</xmin>
			<ymin>391</ymin>
			<xmax>459</xmax>
			<ymax>502</ymax>
		</bndbox>
	</object>
	<object>
		<name>true_crossing</name>
		<pose>Unspecified</pose>
		<truncated>0</truncated>
		<difficult>0</difficult>
		<bndbox>
			<xmin>525</xmin>
			<ymin>339</ymin>
			<xmax>636</xmax>
			<ymax>453</ymax>
		</bndbox>
	</object>
</annotation>
