<annotation>
	<folder>Imagert_Cilp2</folder>
	<filename>10411.jpg</filename>
	<path>E:\Imagert_Cilp2\10411.jpg</path>
	<source>
		<database>Unknown</database>
	</source>
	<size>
		<width>640</width>
		<height>640</height>
		<depth>3</depth>
	</size>
	<segmented>0</segmented>
	<object>
		<name>false_crossing</name>
		<pose>Unspecified</pose>
		<truncated>0</truncated>
		<difficult>0</difficult>
		<bndbox>
			<xmin>215</xmin>
			<ymin>83</ymin>
			<xmax>352</xmax>
			<ymax>257</ymax>
		</bndbox>
	</object>
	<object>
		<name>true_crossing</name>
		<pose>Unspecified</pose>
		<truncated>0</truncated>
		<difficult>0</difficult>
		<bndbox>
			<xmin>345</xmin>
			<ymin>18</ymin>
			<xmax>416</xmax>
			<ymax>90</ymax>
		</bndbox>
	</object>
	<object>
		<name>true_crossing</name>
		<pose>Unspecified</pose>
		<truncated>0</truncated>
		<difficult>0</difficult>
		<bndbox>
			<xmin>413</xmin>
			<ymin>36</ymin>
			<xmax>484</xmax>
			<ymax>108</ymax>
		</bndbox>
	</object>
</annotation>
