<annotation>
	<folder>Imagert_Cilp2</folder>
	<filename>10443.jpg</filename>
	<path>E:\Imagert_Cilp2\10443.jpg</path>
	<source>
		<database>Unknown</database>
	</source>
	<size>
		<width>640</width>
		<height>640</height>
		<depth>3</depth>
	</size>
	<segmented>0</segmented>
	<object>
		<name>true_crossing</name>
		<pose>Unspecified</pose>
		<truncated>0</truncated>
		<difficult>0</difficult>
		<bndbox>
			<xmin>69</xmin>
			<ymin>196</ymin>
			<xmax>197</xmax>
			<ymax>329</ymax>
		</bndbox>
	</object>
	<object>
		<name>true_crossing</name>
		<pose>Unspecified</pose>
		<truncated>0</truncated>
		<difficult>0</difficult>
		<bndbox>
			<xmin>143</xmin>
			<ymin>102</ymin>
			<xmax>251</xmax>
			<ymax>203</ymax>
		</bndbox>
	</object>
	<object>
		<name>true_crossing</name>
		<pose>Unspecified</pose>
		<truncated>0</truncated>
		<difficult>0</difficult>
		<bndbox>
			<xmin>338</xmin>
			<ymin>335</ymin>
			<xmax>441</xmax>
			<ymax>445</ymax>
		</bndbox>
	</object>
</annotation>
