<annotation>
	<folder>Imagert_Cilp2</folder>
	<filename>10447.jpg</filename>
	<path>E:\Imagert_Cilp2\10447.jpg</path>
	<source>
		<database>Unknown</database>
	</source>
	<size>
		<width>640</width>
		<height>640</height>
		<depth>3</depth>
	</size>
	<segmented>0</segmented>
	<object>
		<name>true_crossing</name>
		<pose>Unspecified</pose>
		<truncated>0</truncated>
		<difficult>0</difficult>
		<bndbox>
			<xmin>36</xmin>
			<ymin>362</ymin>
			<xmax>126</xmax>
			<ymax>449</ymax>
		</bndbox>
	</object>
	<object>
		<name>true_crossing</name>
		<pose>Unspecified</pose>
		<truncated>0</truncated>
		<difficult>0</difficult>
		<bndbox>
			<xmin>228</xmin>
			<ymin>503</ymin>
			<xmax>312</xmax>
			<ymax>584</ymax>
		</bndbox>
	</object>
	<object>
		<name>false_crossing</name>
		<pose>Unspecified</pose>
		<truncated>0</truncated>
		<difficult>0</difficult>
		<bndbox>
			<xmin>453</xmin>
			<ymin>30</ymin>
			<xmax>550</xmax>
			<ymax>108</ymax>
		</bndbox>
	</object>
</annotation>
