<annotation>
	<folder>Imagert_Cilp2</folder>
	<filename>10461.jpg</filename>
	<path>E:\Imagert_Cilp2\10461.jpg</path>
	<source>
		<database>Unknown</database>
	</source>
	<size>
		<width>640</width>
		<height>640</height>
		<depth>3</depth>
	</size>
	<segmented>0</segmented>
	<object>
		<name>true_crossing</name>
		<pose>Unspecified</pose>
		<truncated>0</truncated>
		<difficult>0</difficult>
		<bndbox>
			<xmin>84</xmin>
			<ymin>166</ymin>
			<xmax>163</xmax>
			<ymax>240</ymax>
		</bndbox>
	</object>
	<object>
		<name>true_crossing</name>
		<pose>Unspecified</pose>
		<truncated>0</truncated>
		<difficult>0</difficult>
		<bndbox>
			<xmin>391</xmin>
			<ymin>222</ymin>
			<xmax>487</xmax>
			<ymax>310</ymax>
		</bndbox>
	</object>
	<object>
		<name>true_crossing</name>
		<pose>Unspecified</pose>
		<truncated>0</truncated>
		<difficult>0</difficult>
		<bndbox>
			<xmin>544</xmin>
			<ymin>255</ymin>
			<xmax>616</xmax>
			<ymax>324</ymax>
		</bndbox>
	</object>
</annotation>
