<annotation>
	<folder>Imagert_Cilp2</folder>
	<filename>10460.jpg</filename>
	<path>E:\Imagert_Cilp2\10460.jpg</path>
	<source>
		<database>Unknown</database>
	</source>
	<size>
		<width>640</width>
		<height>640</height>
		<depth>3</depth>
	</size>
	<segmented>0</segmented>
	<object>
		<name>true_crossing</name>
		<pose>Unspecified</pose>
		<truncated>0</truncated>
		<difficult>0</difficult>
		<bndbox>
			<xmin>116</xmin>
			<ymin>46</ymin>
			<xmax>194</xmax>
			<ymax>120</ymax>
		</bndbox>
	</object>
	<object>
		<name>true_crossing</name>
		<pose>Unspecified</pose>
		<truncated>0</truncated>
		<difficult>0</difficult>
		<bndbox>
			<xmin>321</xmin>
			<ymin>78</ymin>
			<xmax>394</xmax>
			<ymax>144</ymax>
		</bndbox>
	</object>
</annotation>
