<annotation>
	<folder>Imagert_Cilp2</folder>
	<filename>10506.jpg</filename>
	<path>E:\Imagert_Cilp2\10506.jpg</path>
	<source>
		<database>Unknown</database>
	</source>
	<size>
		<width>640</width>
		<height>640</height>
		<depth>3</depth>
	</size>
	<segmented>0</segmented>
	<object>
		<name>true_crossing</name>
		<pose>Unspecified</pose>
		<truncated>0</truncated>
		<difficult>0</difficult>
		<bndbox>
			<xmin>202</xmin>
			<ymin>203</ymin>
			<xmax>296</xmax>
			<ymax>299</ymax>
		</bndbox>
	</object>
	<object>
		<name>true_crossing</name>
		<pose>Unspecified</pose>
		<truncated>0</truncated>
		<difficult>0</difficult>
		<bndbox>
			<xmin>82</xmin>
			<ymin>66</ymin>
			<xmax>166</xmax>
			<ymax>151</ymax>
		</bndbox>
	</object>
	<object>
		<name>true_crossing</name>
		<pose>Unspecified</pose>
		<truncated>0</truncated>
		<difficult>0</difficult>
		<bndbox>
			<xmin>371</xmin>
			<ymin>70</ymin>
			<xmax>438</xmax>
			<ymax>134</ymax>
		</bndbox>
	</object>
</annotation>
