<annotation>
	<folder>Imagert_Cilp2</folder>
	<filename>10504.jpg</filename>
	<path>E:\Imagert_Cilp2\10504.jpg</path>
	<source>
		<database>Unknown</database>
	</source>
	<size>
		<width>640</width>
		<height>640</height>
		<depth>3</depth>
	</size>
	<segmented>0</segmented>
	<object>
		<name>false_crossing</name>
		<pose>Unspecified</pose>
		<truncated>0</truncated>
		<difficult>0</difficult>
		<bndbox>
			<xmin>238</xmin>
			<ymin>429</ymin>
			<xmax>346</xmax>
			<ymax>539</ymax>
		</bndbox>
	</object>
</annotation>
