<annotation>
	<folder>Imagert_Cilp2</folder>
	<filename>10515.jpg</filename>
	<path>E:\Imagert_Cilp2\10515.jpg</path>
	<source>
		<database>Unknown</database>
	</source>
	<size>
		<width>640</width>
		<height>640</height>
		<depth>3</depth>
	</size>
	<segmented>0</segmented>
	<object>
		<name>true_crossing</name>
		<pose>Unspecified</pose>
		<truncated>0</truncated>
		<difficult>0</difficult>
		<bndbox>
			<xmin>290</xmin>
			<ymin>357</ymin>
			<xmax>434</xmax>
			<ymax>494</ymax>
		</bndbox>
	</object>
</annotation>
