<annotation>
	<folder>Imagert_Cilp2</folder>
	<filename>10510.jpg</filename>
	<path>E:\Imagert_Cilp2\10510.jpg</path>
	<source>
		<database>Unknown</database>
	</source>
	<size>
		<width>640</width>
		<height>640</height>
		<depth>3</depth>
	</size>
	<segmented>0</segmented>
	<object>
		<name>false_crossing</name>
		<pose>Unspecified</pose>
		<truncated>0</truncated>
		<difficult>0</difficult>
		<bndbox>
			<xmin>386</xmin>
			<ymin>227</ymin>
			<xmax>537</xmax>
			<ymax>368</ymax>
		</bndbox>
	</object>
	<object>
		<name>true_crossing</name>
		<pose>Unspecified</pose>
		<truncated>0</truncated>
		<difficult>0</difficult>
		<bndbox>
			<xmin>266</xmin>
			<ymin>396</ymin>
			<xmax>348</xmax>
			<ymax>476</ymax>
		</bndbox>
	</object>
	<object>
		<name>true_crossing</name>
		<pose>Unspecified</pose>
		<truncated>0</truncated>
		<difficult>0</difficult>
		<bndbox>
			<xmin>382</xmin>
			<ymin>531</ymin>
			<xmax>480</xmax>
			<ymax>627</ymax>
		</bndbox>
	</object>
</annotation>
