<annotation>
	<folder>Imagert_Cilp2</folder>
	<filename>10656.jpg</filename>
	<path>E:\Imagert_Cilp2\10656.jpg</path>
	<source>
		<database>Unknown</database>
	</source>
	<size>
		<width>640</width>
		<height>640</height>
		<depth>3</depth>
	</size>
	<segmented>0</segmented>
	<object>
		<name>true_crossing</name>
		<pose>Unspecified</pose>
		<truncated>0</truncated>
		<difficult>0</difficult>
		<bndbox>
			<xmin>268</xmin>
			<ymin>411</ymin>
			<xmax>359</xmax>
			<ymax>506</ymax>
		</bndbox>
	</object>
</annotation>
