<annotation>
	<folder>Imagert_Cilp2</folder>
	<filename>10665.jpg</filename>
	<path>E:\Imagert_Cilp2\10665.jpg</path>
	<source>
		<database>Unknown</database>
	</source>
	<size>
		<width>640</width>
		<height>640</height>
		<depth>3</depth>
	</size>
	<segmented>0</segmented>
	<object>
		<name>true_crossing</name>
		<pose>Unspecified</pose>
		<truncated>0</truncated>
		<difficult>0</difficult>
		<bndbox>
			<xmin>132</xmin>
			<ymin>512</ymin>
			<xmax>238</xmax>
			<ymax>607</ymax>
		</bndbox>
	</object>
	<object>
		<name>true_crossing</name>
		<pose>Unspecified</pose>
		<truncated>0</truncated>
		<difficult>0</difficult>
		<bndbox>
			<xmin>335</xmin>
			<ymin>503</ymin>
			<xmax>441</xmax>
			<ymax>598</ymax>
		</bndbox>
	</object>
	<object>
		<name>false_crossing</name>
		<pose>Unspecified</pose>
		<truncated>0</truncated>
		<difficult>0</difficult>
		<bndbox>
			<xmin>379</xmin>
			<ymin>211</ymin>
			<xmax>520</xmax>
			<ymax>328</ymax>
		</bndbox>
	</object>
</annotation>
