<annotation>
	<folder>Imagert_Cilp2</folder>
	<filename>10662.jpg</filename>
	<path>E:\Imagert_Cilp2\10662.jpg</path>
	<source>
		<database>Unknown</database>
	</source>
	<size>
		<width>640</width>
		<height>640</height>
		<depth>3</depth>
	</size>
	<segmented>0</segmented>
	<object>
		<name>true_crossing</name>
		<pose>Unspecified</pose>
		<truncated>0</truncated>
		<difficult>0</difficult>
		<bndbox>
			<xmin>260</xmin>
			<ymin>81</ymin>
			<xmax>397</xmax>
			<ymax>185</ymax>
		</bndbox>
	</object>
	<object>
		<name>true_crossing</name>
		<pose>Unspecified</pose>
		<truncated>0</truncated>
		<difficult>0</difficult>
		<bndbox>
			<xmin>543</xmin>
			<ymin>347</ymin>
			<xmax>635</xmax>
			<ymax>442</ymax>
		</bndbox>
	</object>
	<object>
		<name>true_crossing</name>
		<pose>Unspecified</pose>
		<truncated>0</truncated>
		<difficult>0</difficult>
		<bndbox>
			<xmin>169</xmin>
			<ymin>363</ymin>
			<xmax>269</xmax>
			<ymax>465</ymax>
		</bndbox>
	</object>
</annotation>
