<annotation>
	<folder>Imagert_Cilp2</folder>
	<filename>10791.jpg</filename>
	<path>E:\Imagert_Cilp2\10791.jpg</path>
	<source>
		<database>Unknown</database>
	</source>
	<size>
		<width>640</width>
		<height>640</height>
		<depth>3</depth>
	</size>
	<segmented>0</segmented>
	<object>
		<name>false_crossing</name>
		<pose>Unspecified</pose>
		<truncated>0</truncated>
		<difficult>0</difficult>
		<bndbox>
			<xmin>143</xmin>
			<ymin>467</ymin>
			<xmax>265</xmax>
			<ymax>555</ymax>
		</bndbox>
	</object>
	<object>
		<name>true_crossing</name>
		<pose>Unspecified</pose>
		<truncated>0</truncated>
		<difficult>0</difficult>
		<bndbox>
			<xmin>22</xmin>
			<ymin>172</ymin>
			<xmax>99</xmax>
			<ymax>252</ymax>
		</bndbox>
	</object>
</annotation>
