<annotation>
	<folder>Imagert_Cilp2</folder>
	<filename>10830.jpg</filename>
	<path>E:\Imagert_Cilp2\10830.jpg</path>
	<source>
		<database>Unknown</database>
	</source>
	<size>
		<width>640</width>
		<height>640</height>
		<depth>3</depth>
	</size>
	<segmented>0</segmented>
	<object>
		<name>false_crossing</name>
		<pose>Unspecified</pose>
		<truncated>0</truncated>
		<difficult>0</difficult>
		<bndbox>
			<xmin>154</xmin>
			<ymin>527</ymin>
			<xmax>258</xmax>
			<ymax>625</ymax>
		</bndbox>
	</object>
	<object>
		<name>true_crossing</name>
		<pose>Unspecified</pose>
		<truncated>1</truncated>
		<difficult>0</difficult>
		<bndbox>
			<xmin>1</xmin>
			<ymin>261</ymin>
			<xmax>94</xmax>
			<ymax>352</ymax>
		</bndbox>
	</object>
</annotation>
