<annotation>
	<folder>Imagert_Cilp2</folder>
	<filename>10858.jpg</filename>
	<path>E:\Imagert_Cilp2\10858.jpg</path>
	<source>
		<database>Unknown</database>
	</source>
	<size>
		<width>640</width>
		<height>640</height>
		<depth>3</depth>
	</size>
	<segmented>0</segmented>
	<object>
		<name>false_crossing</name>
		<pose>Unspecified</pose>
		<truncated>0</truncated>
		<difficult>0</difficult>
		<bndbox>
			<xmin>364</xmin>
			<ymin>410</ymin>
			<xmax>475</xmax>
			<ymax>528</ymax>
		</bndbox>
	</object>
	<object>
		<name>true_crossing</name>
		<pose>Unspecified</pose>
		<truncated>0</truncated>
		<difficult>0</difficult>
		<bndbox>
			<xmin>487</xmin>
			<ymin>453</ymin>
			<xmax>586</xmax>
			<ymax>552</ymax>
		</bndbox>
	</object>
</annotation>
