<annotation>
	<folder>Imagert_Cilp2</folder>
	<filename>10918.jpg</filename>
	<path>E:\Imagert_Cilp2\10918.jpg</path>
	<source>
		<database>Unknown</database>
	</source>
	<size>
		<width>640</width>
		<height>640</height>
		<depth>3</depth>
	</size>
	<segmented>0</segmented>
	<object>
		<name>true_crossing</name>
		<pose>Unspecified</pose>
		<truncated>0</truncated>
		<difficult>0</difficult>
		<bndbox>
			<xmin>171</xmin>
			<ymin>182</ymin>
			<xmax>283</xmax>
			<ymax>308</ymax>
		</bndbox>
	</object>
	<object>
		<name>true_crossing</name>
		<pose>Unspecified</pose>
		<truncated>0</truncated>
		<difficult>0</difficult>
		<bndbox>
			<xmin>410</xmin>
			<ymin>405</ymin>
			<xmax>524</xmax>
			<ymax>515</ymax>
		</bndbox>
	</object>
	<object>
		<name>true_crossing</name>
		<pose>Unspecified</pose>
		<truncated>0</truncated>
		<difficult>0</difficult>
		<bndbox>
			<xmin>266</xmin>
			<ymin>426</ymin>
			<xmax>375</xmax>
			<ymax>580</ymax>
		</bndbox>
	</object>
</annotation>
