<annotation>
	<folder>Imagert_Cilp2</folder>
	<filename>1098.jpg</filename>
	<path>E:\Imagert_Cilp2\1098.jpg</path>
	<source>
		<database>Unknown</database>
	</source>
	<size>
		<width>640</width>
		<height>640</height>
		<depth>3</depth>
	</size>
	<segmented>0</segmented>
	<object>
		<name>true_crossing</name>
		<pose>Unspecified</pose>
		<truncated>0</truncated>
		<difficult>0</difficult>
		<bndbox>
			<xmin>63</xmin>
			<ymin>293</ymin>
			<xmax>174</xmax>
			<ymax>403</ymax>
		</bndbox>
	</object>
</annotation>
