<annotation>
	<folder>Imagert_Cilp2</folder>
	<filename>10991.jpg</filename>
	<path>E:\Imagert_Cilp2\10991.jpg</path>
	<source>
		<database>Unknown</database>
	</source>
	<size>
		<width>640</width>
		<height>640</height>
		<depth>3</depth>
	</size>
	<segmented>0</segmented>
	<object>
		<name>false_crossing</name>
		<pose>Unspecified</pose>
		<truncated>1</truncated>
		<difficult>0</difficult>
		<bndbox>
			<xmin>525</xmin>
			<ymin>20</ymin>
			<xmax>640</xmax>
			<ymax>134</ymax>
		</bndbox>
	</object>
	<object>
		<name>false_crossing</name>
		<pose>Unspecified</pose>
		<truncated>0</truncated>
		<difficult>0</difficult>
		<bndbox>
			<xmin>362</xmin>
			<ymin>555</ymin>
			<xmax>481</xmax>
			<ymax>637</ymax>
		</bndbox>
	</object>
	<object>
		<name>false_crossing</name>
		<pose>Unspecified</pose>
		<truncated>0</truncated>
		<difficult>0</difficult>
		<bndbox>
			<xmin>475</xmin>
			<ymin>550</ymin>
			<xmax>610</xmax>
			<ymax>638</ymax>
		</bndbox>
	</object>
</annotation>
