<annotation>
	<folder>Imagert_Cilp2</folder>
	<filename>11033.jpg</filename>
	<path>E:\Imagert_Cilp2\11033.jpg</path>
	<source>
		<database>Unknown</database>
	</source>
	<size>
		<width>640</width>
		<height>640</height>
		<depth>3</depth>
	</size>
	<segmented>0</segmented>
	<object>
		<name>false_crossing</name>
		<pose>Unspecified</pose>
		<truncated>0</truncated>
		<difficult>0</difficult>
		<bndbox>
			<xmin>336</xmin>
			<ymin>272</ymin>
			<xmax>444</xmax>
			<ymax>373</ymax>
		</bndbox>
	</object>
	<object>
		<name>false_crossing</name>
		<pose>Unspecified</pose>
		<truncated>0</truncated>
		<difficult>0</difficult>
		<bndbox>
			<xmin>170</xmin>
			<ymin>197</ymin>
			<xmax>286</xmax>
			<ymax>326</ymax>
		</bndbox>
	</object>
</annotation>
