<annotation>
	<folder>Imagert_Cilp2</folder>
	<filename>1108.jpg</filename>
	<path>E:\Imagert_Cilp2\1108.jpg</path>
	<source>
		<database>Unknown</database>
	</source>
	<size>
		<width>640</width>
		<height>640</height>
		<depth>3</depth>
	</size>
	<segmented>0</segmented>
	<object>
		<name>false_crossing</name>
		<pose>Unspecified</pose>
		<truncated>0</truncated>
		<difficult>0</difficult>
		<bndbox>
			<xmin>274</xmin>
			<ymin>223</ymin>
			<xmax>437</xmax>
			<ymax>371</ymax>
		</bndbox>
	</object>
	<object>
		<name>true_crossing</name>
		<pose>Unspecified</pose>
		<truncated>0</truncated>
		<difficult>0</difficult>
		<bndbox>
			<xmin>320</xmin>
			<ymin>83</ymin>
			<xmax>485</xmax>
			<ymax>226</ymax>
		</bndbox>
	</object>
</annotation>
