<annotation>
	<folder>Imagert_Cilp2</folder>
	<filename>1111.jpg</filename>
	<path>E:\Imagert_Cilp2\1111.jpg</path>
	<source>
		<database>Unknown</database>
	</source>
	<size>
		<width>640</width>
		<height>640</height>
		<depth>3</depth>
	</size>
	<segmented>0</segmented>
	<object>
		<name>false_crossing</name>
		<pose>Unspecified</pose>
		<truncated>0</truncated>
		<difficult>0</difficult>
		<bndbox>
			<xmin>172</xmin>
			<ymin>478</ymin>
			<xmax>313</xmax>
			<ymax>598</ymax>
		</bndbox>
	</object>
</annotation>
