<annotation>
	<folder>Imagert_Cilp2</folder>
	<filename>1114.jpg</filename>
	<path>E:\Imagert_Cilp2\1114.jpg</path>
	<source>
		<database>Unknown</database>
	</source>
	<size>
		<width>640</width>
		<height>640</height>
		<depth>3</depth>
	</size>
	<segmented>0</segmented>
	<object>
		<name>true_crossing</name>
		<pose>Unspecified</pose>
		<truncated>0</truncated>
		<difficult>0</difficult>
		<bndbox>
			<xmin>309</xmin>
			<ymin>379</ymin>
			<xmax>392</xmax>
			<ymax>461</ymax>
		</bndbox>
	</object>
	<object>
		<name>true_crossing</name>
		<pose>Unspecified</pose>
		<truncated>0</truncated>
		<difficult>0</difficult>
		<bndbox>
			<xmin>531</xmin>
			<ymin>484</ymin>
			<xmax>626</xmax>
			<ymax>580</ymax>
		</bndbox>
	</object>
</annotation>
