<annotation>
	<folder>Imagert_Cilp2</folder>
	<filename>1153.jpg</filename>
	<path>E:\Imagert_Cilp2\1153.jpg</path>
	<source>
		<database>Unknown</database>
	</source>
	<size>
		<width>640</width>
		<height>640</height>
		<depth>3</depth>
	</size>
	<segmented>0</segmented>
	<object>
		<name>true_crossing</name>
		<pose>Unspecified</pose>
		<truncated>0</truncated>
		<difficult>0</difficult>
		<bndbox>
			<xmin>120</xmin>
			<ymin>366</ymin>
			<xmax>217</xmax>
			<ymax>458</ymax>
		</bndbox>
	</object>
	<object>
		<name>true_crossing</name>
		<pose>Unspecified</pose>
		<truncated>0</truncated>
		<difficult>0</difficult>
		<bndbox>
			<xmin>340</xmin>
			<ymin>312</ymin>
			<xmax>437</xmax>
			<ymax>404</ymax>
		</bndbox>
	</object>
	<object>
		<name>true_crossing</name>
		<pose>Unspecified</pose>
		<truncated>0</truncated>
		<difficult>0</difficult>
		<bndbox>
			<xmin>329</xmin>
			<ymin>486</ymin>
			<xmax>426</xmax>
			<ymax>578</ymax>
		</bndbox>
	</object>
</annotation>
