<annotation>
	<folder>Imagert_Cilp2</folder>
	<filename>11731.jpg</filename>
	<path>E:\Road extraction and recognition\Data\Raster\Imagert_Cilp2\11731.jpg</path>
	<source>
		<database>Unknown</database>
	</source>
	<size>
		<width>640</width>
		<height>640</height>
		<depth>3</depth>
	</size>
	<segmented>0</segmented>
	<object>
		<name>true_crossing</name>
		<pose>Unspecified</pose>
		<truncated>1</truncated>
		<difficult>0</difficult>
		<bndbox>
			<xmin>481</xmin>
			<ymin>60</ymin>
			<xmax>640</xmax>
			<ymax>219</ymax>
		</bndbox>
	</object>
	<object>
		<name>true_crossing</name>
		<pose>Unspecified</pose>
		<truncated>0</truncated>
		<difficult>0</difficult>
		<bndbox>
			<xmin>327</xmin>
			<ymin>207</ymin>
			<xmax>423</xmax>
			<ymax>300</ymax>
		</bndbox>
	</object>
	<object>
		<name>true_crossing</name>
		<pose>Unspecified</pose>
		<truncated>1</truncated>
		<difficult>0</difficult>
		<bndbox>
			<xmin>520</xmin>
			<ymin>541</ymin>
			<xmax>624</xmax>
			<ymax>640</ymax>
		</bndbox>
	</object>
</annotation>
