<annotation>
	<folder>Imagert_Cilp2</folder>
	<filename>11737.jpg</filename>
	<path>E:\Road extraction and recognition\Data\Raster\Imagert_Cilp2\11737.jpg</path>
	<source>
		<database>Unknown</database>
	</source>
	<size>
		<width>640</width>
		<height>640</height>
		<depth>3</depth>
	</size>
	<segmented>0</segmented>
	<object>
		<name>true_crossing</name>
		<pose>Unspecified</pose>
		<truncated>0</truncated>
		<difficult>0</difficult>
		<bndbox>
			<xmin>162</xmin>
			<ymin>34</ymin>
			<xmax>277</xmax>
			<ymax>147</ymax>
		</bndbox>
	</object>
	<object>
		<name>true_crossing</name>
		<pose>Unspecified</pose>
		<truncated>0</truncated>
		<difficult>0</difficult>
		<bndbox>
			<xmin>392</xmin>
			<ymin>352</ymin>
			<xmax>516</xmax>
			<ymax>465</ymax>
		</bndbox>
	</object>
	<object>
		<name>true_crossing</name>
		<pose>Unspecified</pose>
		<truncated>1</truncated>
		<difficult>0</difficult>
		<bndbox>
			<xmin>1</xmin>
			<ymin>439</ymin>
			<xmax>97</xmax>
			<ymax>535</ymax>
		</bndbox>
	</object>
	<object>
		<name>true_crossing</name>
		<pose>Unspecified</pose>
		<truncated>0</truncated>
		<difficult>0</difficult>
		<bndbox>
			<xmin>271</xmin>
			<ymin>208</ymin>
			<xmax>379</xmax>
			<ymax>307</ymax>
		</bndbox>
	</object>
</annotation>
