<annotation>
	<folder>Imagert_Cilp2</folder>
	<filename>11740.jpg</filename>
	<path>E:\Road extraction and recognition\Data\Raster\Imagert_Cilp2\11740.jpg</path>
	<source>
		<database>Unknown</database>
	</source>
	<size>
		<width>640</width>
		<height>640</height>
		<depth>3</depth>
	</size>
	<segmented>0</segmented>
	<object>
		<name>true_crossing</name>
		<pose>Unspecified</pose>
		<truncated>0</truncated>
		<difficult>0</difficult>
		<bndbox>
			<xmin>173</xmin>
			<ymin>337</ymin>
			<xmax>270</xmax>
			<ymax>428</ymax>
		</bndbox>
	</object>
	<object>
		<name>true_crossing</name>
		<pose>Unspecified</pose>
		<truncated>0</truncated>
		<difficult>0</difficult>
		<bndbox>
			<xmin>401</xmin>
			<ymin>339</ymin>
			<xmax>487</xmax>
			<ymax>420</ymax>
		</bndbox>
	</object>
	<object>
		<name>true_crossing</name>
		<pose>Unspecified</pose>
		<truncated>1</truncated>
		<difficult>0</difficult>
		<bndbox>
			<xmin>423</xmin>
			<ymin>1</ymin>
			<xmax>498</xmax>
			<ymax>66</ymax>
		</bndbox>
	</object>
</annotation>
