<annotation>
	<folder>Imagert_Cilp2</folder>
	<filename>11751.jpg</filename>
	<path>E:\Road extraction and recognition\Data\Raster\Imagert_Cilp2\11751.jpg</path>
	<source>
		<database>Unknown</database>
	</source>
	<size>
		<width>640</width>
		<height>640</height>
		<depth>3</depth>
	</size>
	<segmented>0</segmented>
	<object>
		<name>true_crossing</name>
		<pose>Unspecified</pose>
		<truncated>0</truncated>
		<difficult>0</difficult>
		<bndbox>
			<xmin>64</xmin>
			<ymin>432</ymin>
			<xmax>147</xmax>
			<ymax>514</ymax>
		</bndbox>
	</object>
	<object>
		<name>true_crossing</name>
		<pose>Unspecified</pose>
		<truncated>0</truncated>
		<difficult>0</difficult>
		<bndbox>
			<xmin>235</xmin>
			<ymin>272</ymin>
			<xmax>318</xmax>
			<ymax>361</ymax>
		</bndbox>
	</object>
	<object>
		<name>true_crossing</name>
		<pose>Unspecified</pose>
		<truncated>0</truncated>
		<difficult>0</difficult>
		<bndbox>
			<xmin>372</xmin>
			<ymin>190</ymin>
			<xmax>448</xmax>
			<ymax>262</ymax>
		</bndbox>
	</object>
	<object>
		<name>true_crossing</name>
		<pose>Unspecified</pose>
		<truncated>0</truncated>
		<difficult>0</difficult>
		<bndbox>
			<xmin>511</xmin>
			<ymin>57</ymin>
			<xmax>612</xmax>
			<ymax>140</ymax>
		</bndbox>
	</object>
</annotation>
