<annotation>
	<folder>Imagert_Cilp2</folder>
	<filename>12170.jpg</filename>
	<path>E:\Road extraction and recognition\Data\Raster\Imagert_Cilp2\12170.jpg</path>
	<source>
		<database>Unknown</database>
	</source>
	<size>
		<width>640</width>
		<height>640</height>
		<depth>3</depth>
	</size>
	<segmented>0</segmented>
	<object>
		<name>true_crossing</name>
		<pose>Unspecified</pose>
		<truncated>0</truncated>
		<difficult>0</difficult>
		<bndbox>
			<xmin>96</xmin>
			<ymin>77</ymin>
			<xmax>161</xmax>
			<ymax>141</ymax>
		</bndbox>
	</object>
	<object>
		<name>true_crossing</name>
		<pose>Unspecified</pose>
		<truncated>0</truncated>
		<difficult>0</difficult>
		<bndbox>
			<xmin>398</xmin>
			<ymin>30</ymin>
			<xmax>480</xmax>
			<ymax>97</ymax>
		</bndbox>
	</object>
	<object>
		<name>true_crossing</name>
		<pose>Unspecified</pose>
		<truncated>0</truncated>
		<difficult>0</difficult>
		<bndbox>
			<xmin>438</xmin>
			<ymin>239</ymin>
			<xmax>509</xmax>
			<ymax>307</ymax>
		</bndbox>
	</object>
	<object>
		<name>true_crossing</name>
		<pose>Unspecified</pose>
		<truncated>0</truncated>
		<difficult>0</difficult>
		<bndbox>
			<xmin>461</xmin>
			<ymin>442</ymin>
			<xmax>543</xmax>
			<ymax>520</ymax>
		</bndbox>
	</object>
	<object>
		<name>true_crossing</name>
		<pose>Unspecified</pose>
		<truncated>0</truncated>
		<difficult>0</difficult>
		<bndbox>
			<xmin>129</xmin>
			<ymin>292</ymin>
			<xmax>207</xmax>
			<ymax>364</ymax>
		</bndbox>
	</object>
	<object>
		<name>true_crossing</name>
		<pose>Unspecified</pose>
		<truncated>0</truncated>
		<difficult>0</difficult>
		<bndbox>
			<xmin>163</xmin>
			<ymin>495</ymin>
			<xmax>238</xmax>
			<ymax>564</ymax>
		</bndbox>
	</object>
</annotation>
