<annotation>
	<folder>Imagert_Cilp2</folder>
	<filename>12360.jpg</filename>
	<path>E:\Road extraction and recognition\Data\Raster\Imagert_Cilp2\12360.jpg</path>
	<source>
		<database>Unknown</database>
	</source>
	<size>
		<width>640</width>
		<height>640</height>
		<depth>3</depth>
	</size>
	<segmented>0</segmented>
	<object>
		<name>true_crossing</name>
		<pose>Unspecified</pose>
		<truncated>0</truncated>
		<difficult>0</difficult>
		<bndbox>
			<xmin>6</xmin>
			<ymin>163</ymin>
			<xmax>91</xmax>
			<ymax>244</ymax>
		</bndbox>
	</object>
	<object>
		<name>true_crossing</name>
		<pose>Unspecified</pose>
		<truncated>0</truncated>
		<difficult>0</difficult>
		<bndbox>
			<xmin>38</xmin>
			<ymin>383</ymin>
			<xmax>120</xmax>
			<ymax>463</ymax>
		</bndbox>
	</object>
	<object>
		<name>true_crossing</name>
		<pose>Unspecified</pose>
		<truncated>0</truncated>
		<difficult>0</difficult>
		<bndbox>
			<xmin>344</xmin>
			<ymin>334</ymin>
			<xmax>427</xmax>
			<ymax>413</ymax>
		</bndbox>
	</object>
	<object>
		<name>true_crossing</name>
		<pose>Unspecified</pose>
		<truncated>0</truncated>
		<difficult>0</difficult>
		<bndbox>
			<xmin>313</xmin>
			<ymin>110</ymin>
			<xmax>397</xmax>
			<ymax>194</ymax>
		</bndbox>
	</object>
	<object>
		<name>true_crossing</name>
		<pose>Unspecified</pose>
		<truncated>0</truncated>
		<difficult>0</difficult>
		<bndbox>
			<xmin>301</xmin>
			<ymin>14</ymin>
			<xmax>361</xmax>
			<ymax>71</ymax>
		</bndbox>
	</object>
	<object>
		<name>true_crossing</name>
		<pose>Unspecified</pose>
		<truncated>0</truncated>
		<difficult>0</difficult>
		<bndbox>
			<xmin>376</xmin>
			<ymin>550</ymin>
			<xmax>459</xmax>
			<ymax>629</ymax>
		</bndbox>
	</object>
</annotation>
