<annotation>
	<folder>Imagert_Cilp2</folder>
	<filename>13157.jpg</filename>
	<path>E:\Road extraction and recognition\Data\Raster\Imagert_Cilp2\13157.jpg</path>
	<source>
		<database>Unknown</database>
	</source>
	<size>
		<width>640</width>
		<height>640</height>
		<depth>3</depth>
	</size>
	<segmented>0</segmented>
	<object>
		<name>true_crossing</name>
		<pose>Unspecified</pose>
		<truncated>0</truncated>
		<difficult>0</difficult>
		<bndbox>
			<xmin>404</xmin>
			<ymin>463</ymin>
			<xmax>460</xmax>
			<ymax>518</ymax>
		</bndbox>
	</object>
	<object>
		<name>false_crossing</name>
		<pose>Unspecified</pose>
		<truncated>0</truncated>
		<difficult>0</difficult>
		<bndbox>
			<xmin>457</xmin>
			<ymin>454</ymin>
			<xmax>517</xmax>
			<ymax>519</ymax>
		</bndbox>
	</object>
</annotation>
