<annotation>
	<folder>Imagert_Cilp2</folder>
	<filename>13169.jpg</filename>
	<path>E:\Road extraction and recognition\Data\Raster\Imagert_Cilp2\13169.jpg</path>
	<source>
		<database>Unknown</database>
	</source>
	<size>
		<width>640</width>
		<height>640</height>
		<depth>3</depth>
	</size>
	<segmented>0</segmented>
	<object>
		<name>true_crossing</name>
		<pose>Unspecified</pose>
		<truncated>0</truncated>
		<difficult>0</difficult>
		<bndbox>
			<xmin>131</xmin>
			<ymin>72</ymin>
			<xmax>202</xmax>
			<ymax>136</ymax>
		</bndbox>
	</object>
	<object>
		<name>true_crossing</name>
		<pose>Unspecified</pose>
		<truncated>0</truncated>
		<difficult>0</difficult>
		<bndbox>
			<xmin>529</xmin>
			<ymin>80</ymin>
			<xmax>584</xmax>
			<ymax>138</ymax>
		</bndbox>
	</object>
	<object>
		<name>true_crossing</name>
		<pose>Unspecified</pose>
		<truncated>0</truncated>
		<difficult>0</difficult>
		<bndbox>
			<xmin>527</xmin>
			<ymin>234</ymin>
			<xmax>577</xmax>
			<ymax>290</ymax>
		</bndbox>
	</object>
	<object>
		<name>true_crossing</name>
		<pose>Unspecified</pose>
		<truncated>0</truncated>
		<difficult>0</difficult>
		<bndbox>
			<xmin>526</xmin>
			<ymin>389</ymin>
			<xmax>578</xmax>
			<ymax>442</ymax>
		</bndbox>
	</object>
	<object>
		<name>true_crossing</name>
		<pose>Unspecified</pose>
		<truncated>0</truncated>
		<difficult>0</difficult>
		<bndbox>
			<xmin>131</xmin>
			<ymin>543</ymin>
			<xmax>199</xmax>
			<ymax>596</ymax>
		</bndbox>
	</object>
	<object>
		<name>true_crossing</name>
		<pose>Unspecified</pose>
		<truncated>0</truncated>
		<difficult>0</difficult>
		<bndbox>
			<xmin>125</xmin>
			<ymin>385</ymin>
			<xmax>199</xmax>
			<ymax>449</ymax>
		</bndbox>
	</object>
	<object>
		<name>true_crossing</name>
		<pose>Unspecified</pose>
		<truncated>0</truncated>
		<difficult>0</difficult>
		<bndbox>
			<xmin>133</xmin>
			<ymin>232</ymin>
			<xmax>194</xmax>
			<ymax>286</ymax>
		</bndbox>
	</object>
</annotation>
