<annotation>
	<folder>Imagert_Cilp2</folder>
	<filename>13294.jpg</filename>
	<path>E:\Road extraction and recognition\Data\Raster\Imagert_Cilp2\13294.jpg</path>
	<source>
		<database>Unknown</database>
	</source>
	<size>
		<width>640</width>
		<height>640</height>
		<depth>3</depth>
	</size>
	<segmented>0</segmented>
	<object>
		<name>true_crossing</name>
		<pose>Unspecified</pose>
		<truncated>0</truncated>
		<difficult>0</difficult>
		<bndbox>
			<xmin>157</xmin>
			<ymin>299</ymin>
			<xmax>260</xmax>
			<ymax>384</ymax>
		</bndbox>
	</object>
	<object>
		<name>true_crossing</name>
		<pose>Unspecified</pose>
		<truncated>0</truncated>
		<difficult>0</difficult>
		<bndbox>
			<xmin>388</xmin>
			<ymin>339</ymin>
			<xmax>481</xmax>
			<ymax>396</ymax>
		</bndbox>
	</object>
	<object>
		<name>true_crossing</name>
		<pose>Unspecified</pose>
		<truncated>0</truncated>
		<difficult>0</difficult>
		<bndbox>
			<xmin>306</xmin>
			<ymin>277</ymin>
			<xmax>428</xmax>
			<ymax>362</ymax>
		</bndbox>
	</object>
	<object>
		<name>true_crossing</name>
		<pose>Unspecified</pose>
		<truncated>0</truncated>
		<difficult>0</difficult>
		<bndbox>
			<xmin>241</xmin>
			<ymin>62</ymin>
			<xmax>363</xmax>
			<ymax>154</ymax>
		</bndbox>
	</object>
	<object>
		<name>true_crossing</name>
		<pose>Unspecified</pose>
		<truncated>0</truncated>
		<difficult>0</difficult>
		<bndbox>
			<xmin>489</xmin>
			<ymin>233</ymin>
			<xmax>615</xmax>
			<ymax>328</ymax>
		</bndbox>
	</object>
	<object>
		<name>false_crossing</name>
		<pose>Unspecified</pose>
		<truncated>0</truncated>
		<difficult>0</difficult>
		<bndbox>
			<xmin>443</xmin>
			<ymin>289</ymin>
			<xmax>496</xmax>
			<ymax>348</ymax>
		</bndbox>
	</object>
	<object>
		<name>false_crossing</name>
		<pose>Unspecified</pose>
		<truncated>0</truncated>
		<difficult>0</difficult>
		<bndbox>
			<xmin>521</xmin>
			<ymin>309</ymin>
			<xmax>599</xmax>
			<ymax>369</ymax>
		</bndbox>
	</object>
	<object>
		<name>false_crossing</name>
		<pose>Unspecified</pose>
		<truncated>0</truncated>
		<difficult>0</difficult>
		<bndbox>
			<xmin>532</xmin>
			<ymin>357</ymin>
			<xmax>617</xmax>
			<ymax>417</ymax>
		</bndbox>
	</object>
	<object>
		<name>false_crossing</name>
		<pose>Unspecified</pose>
		<truncated>0</truncated>
		<difficult>0</difficult>
		<bndbox>
			<xmin>175</xmin>
			<ymin>378</ymin>
			<xmax>258</xmax>
			<ymax>434</ymax>
		</bndbox>
	</object>
	<object>
		<name>false_crossing</name>
		<pose>Unspecified</pose>
		<truncated>0</truncated>
		<difficult>0</difficult>
		<bndbox>
			<xmin>168</xmin>
			<ymin>413</ymin>
			<xmax>271</xmax>
			<ymax>497</ymax>
		</bndbox>
	</object>
</annotation>
