<annotation>
	<folder>Imagert_Cilp2</folder>
	<filename>1341.jpg</filename>
	<path>E:\Imagert_Cilp2\1341.jpg</path>
	<source>
		<database>Unknown</database>
	</source>
	<size>
		<width>640</width>
		<height>640</height>
		<depth>3</depth>
	</size>
	<segmented>0</segmented>
	<object>
		<name>true_crossing</name>
		<pose>Unspecified</pose>
		<truncated>0</truncated>
		<difficult>0</difficult>
		<bndbox>
			<xmin>88</xmin>
			<ymin>172</ymin>
			<xmax>199</xmax>
			<ymax>278</ymax>
		</bndbox>
	</object>
	<object>
		<name>true_crossing</name>
		<pose>Unspecified</pose>
		<truncated>0</truncated>
		<difficult>0</difficult>
		<bndbox>
			<xmin>61</xmin>
			<ymin>321</ymin>
			<xmax>170</xmax>
			<ymax>429</ymax>
		</bndbox>
	</object>
	<object>
		<name>true_crossing</name>
		<pose>Unspecified</pose>
		<truncated>0</truncated>
		<difficult>0</difficult>
		<bndbox>
			<xmin>244</xmin>
			<ymin>425</ymin>
			<xmax>351</xmax>
			<ymax>527</ymax>
		</bndbox>
	</object>
</annotation>
