<annotation>
	<folder>Imagert_Cilp2</folder>
	<filename>13689.jpg</filename>
	<path>E:\Road extraction and recognition\Data\Raster\Imagert_Cilp2\13689.jpg</path>
	<source>
		<database>Unknown</database>
	</source>
	<size>
		<width>640</width>
		<height>640</height>
		<depth>3</depth>
	</size>
	<segmented>0</segmented>
	<object>
		<name>true_crossing</name>
		<pose>Unspecified</pose>
		<truncated>0</truncated>
		<difficult>0</difficult>
		<bndbox>
			<xmin>209</xmin>
			<ymin>216</ymin>
			<xmax>286</xmax>
			<ymax>283</ymax>
		</bndbox>
	</object>
	<object>
		<name>true_crossing</name>
		<pose>Unspecified</pose>
		<truncated>0</truncated>
		<difficult>0</difficult>
		<bndbox>
			<xmin>233</xmin>
			<ymin>337</ymin>
			<xmax>313</xmax>
			<ymax>413</ymax>
		</bndbox>
	</object>
	<object>
		<name>true_crossing</name>
		<pose>Unspecified</pose>
		<truncated>0</truncated>
		<difficult>0</difficult>
		<bndbox>
			<xmin>543</xmin>
			<ymin>512</ymin>
			<xmax>622</xmax>
			<ymax>574</ymax>
		</bndbox>
	</object>
	<object>
		<name>true_crossing</name>
		<pose>Unspecified</pose>
		<truncated>1</truncated>
		<difficult>0</difficult>
		<bndbox>
			<xmin>287</xmin>
			<ymin>574</ymin>
			<xmax>409</xmax>
			<ymax>640</ymax>
		</bndbox>
	</object>
</annotation>
