<annotation>
	<folder>Imagert_Cilp2</folder>
	<filename>13985.jpg</filename>
	<path>E:\Road extraction and recognition\Data\Raster\Imagert_Cilp2\13985.jpg</path>
	<source>
		<database>Unknown</database>
	</source>
	<size>
		<width>640</width>
		<height>640</height>
		<depth>3</depth>
	</size>
	<segmented>0</segmented>
	<object>
		<name>true_crossing</name>
		<pose>Unspecified</pose>
		<truncated>0</truncated>
		<difficult>0</difficult>
		<bndbox>
			<xmin>400</xmin>
			<ymin>140</ymin>
			<xmax>519</xmax>
			<ymax>248</ymax>
		</bndbox>
	</object>
	<object>
		<name>true_crossing</name>
		<pose>Unspecified</pose>
		<truncated>0</truncated>
		<difficult>0</difficult>
		<bndbox>
			<xmin>35</xmin>
			<ymin>120</ymin>
			<xmax>133</xmax>
			<ymax>203</ymax>
		</bndbox>
	</object>
	<object>
		<name>true_crossing</name>
		<pose>Unspecified</pose>
		<truncated>0</truncated>
		<difficult>0</difficult>
		<bndbox>
			<xmin>68</xmin>
			<ymin>167</ymin>
			<xmax>173</xmax>
			<ymax>235</ymax>
		</bndbox>
	</object>
	<object>
		<name>false_crossing</name>
		<pose>Unspecified</pose>
		<truncated>0</truncated>
		<difficult>0</difficult>
		<bndbox>
			<xmin>57</xmin>
			<ymin>429</ymin>
			<xmax>160</xmax>
			<ymax>491</ymax>
		</bndbox>
	</object>
	<object>
		<name>true_crossing</name>
		<pose>Unspecified</pose>
		<truncated>0</truncated>
		<difficult>0</difficult>
		<bndbox>
			<xmin>108</xmin>
			<ymin>459</ymin>
			<xmax>225</xmax>
			<ymax>554</ymax>
		</bndbox>
	</object>
</annotation>
