<annotation>
	<folder>Imagert_Cilp2</folder>
	<filename>1404.jpg</filename>
	<path>E:\Imagert_Cilp2\1404.jpg</path>
	<source>
		<database>Unknown</database>
	</source>
	<size>
		<width>640</width>
		<height>640</height>
		<depth>3</depth>
	</size>
	<segmented>0</segmented>
	<object>
		<name>false_crossing</name>
		<pose>Unspecified</pose>
		<truncated>0</truncated>
		<difficult>0</difficult>
		<bndbox>
			<xmin>453</xmin>
			<ymin>408</ymin>
			<xmax>566</xmax>
			<ymax>584</ymax>
		</bndbox>
	</object>
	<object>
		<name>true_crossing</name>
		<pose>Unspecified</pose>
		<truncated>0</truncated>
		<difficult>0</difficult>
		<bndbox>
			<xmin>479</xmin>
			<ymin>309</ymin>
			<xmax>594</xmax>
			<ymax>424</ymax>
		</bndbox>
	</object>
</annotation>
