<annotation>
	<folder>Imagert_Cilp2</folder>
	<filename>14045.jpg</filename>
	<path>E:\Road extraction and recognition\Data\Raster\Imagert_Cilp2\14045.jpg</path>
	<source>
		<database>Unknown</database>
	</source>
	<size>
		<width>640</width>
		<height>640</height>
		<depth>3</depth>
	</size>
	<segmented>0</segmented>
	<object>
		<name>true_crossing</name>
		<pose>Unspecified</pose>
		<truncated>0</truncated>
		<difficult>0</difficult>
		<bndbox>
			<xmin>449</xmin>
			<ymin>328</ymin>
			<xmax>563</xmax>
			<ymax>440</ymax>
		</bndbox>
	</object>
	<object>
		<name>true_crossing</name>
		<pose>Unspecified</pose>
		<truncated>0</truncated>
		<difficult>0</difficult>
		<bndbox>
			<xmin>260</xmin>
			<ymin>139</ymin>
			<xmax>370</xmax>
			<ymax>243</ymax>
		</bndbox>
	</object>
</annotation>
