<annotation>
	<folder>Imagert_Cilp2</folder>
	<filename>14043.jpg</filename>
	<path>E:\Road extraction and recognition\Data\Raster\Imagert_Cilp2\14043.jpg</path>
	<source>
		<database>Unknown</database>
	</source>
	<size>
		<width>640</width>
		<height>640</height>
		<depth>3</depth>
	</size>
	<segmented>0</segmented>
	<object>
		<name>true_crossing</name>
		<pose>Unspecified</pose>
		<truncated>1</truncated>
		<difficult>0</difficult>
		<bndbox>
			<xmin>157</xmin>
			<ymin>1</ymin>
			<xmax>335</xmax>
			<ymax>137</ymax>
		</bndbox>
	</object>
	<object>
		<name>true_crossing</name>
		<pose>Unspecified</pose>
		<truncated>0</truncated>
		<difficult>0</difficult>
		<bndbox>
			<xmin>425</xmin>
			<ymin>501</ymin>
			<xmax>565</xmax>
			<ymax>632</ymax>
		</bndbox>
	</object>
	<object>
		<name>true_crossing</name>
		<pose>Unspecified</pose>
		<truncated>0</truncated>
		<difficult>0</difficult>
		<bndbox>
			<xmin>62</xmin>
			<ymin>141</ymin>
			<xmax>194</xmax>
			<ymax>259</ymax>
		</bndbox>
	</object>
</annotation>
