<annotation>
	<folder>Imagert_Cilp2</folder>
	<filename>14072.jpg</filename>
	<path>E:\Road extraction and recognition\Data\Raster\Imagert_Cilp2\14072.jpg</path>
	<source>
		<database>Unknown</database>
	</source>
	<size>
		<width>640</width>
		<height>640</height>
		<depth>3</depth>
	</size>
	<segmented>0</segmented>
	<object>
		<name>true_crossing</name>
		<pose>Unspecified</pose>
		<truncated>0</truncated>
		<difficult>0</difficult>
		<bndbox>
			<xmin>108</xmin>
			<ymin>232</ymin>
			<xmax>225</xmax>
			<ymax>346</ymax>
		</bndbox>
	</object>
</annotation>
