<annotation>
	<folder>Imagert_Cilp2</folder>
	<filename>14117.jpg</filename>
	<path>E:\Road extraction and recognition\Data\Raster\Imagert_Cilp2\14117.jpg</path>
	<source>
		<database>Unknown</database>
	</source>
	<size>
		<width>640</width>
		<height>640</height>
		<depth>3</depth>
	</size>
	<segmented>0</segmented>
	<object>
		<name>true_crossing</name>
		<pose>Unspecified</pose>
		<truncated>0</truncated>
		<difficult>0</difficult>
		<bndbox>
			<xmin>403</xmin>
			<ymin>74</ymin>
			<xmax>499</xmax>
			<ymax>163</ymax>
		</bndbox>
	</object>
</annotation>
