<annotation>
	<folder>Imagert_Cilp2</folder>
	<filename>14152.jpg</filename>
	<path>E:\Road extraction and recognition\Data\Raster\Imagert_Cilp2\14152.jpg</path>
	<source>
		<database>Unknown</database>
	</source>
	<size>
		<width>640</width>
		<height>640</height>
		<depth>3</depth>
	</size>
	<segmented>0</segmented>
	<object>
		<name>false_crossing</name>
		<pose>Unspecified</pose>
		<truncated>0</truncated>
		<difficult>0</difficult>
		<bndbox>
			<xmin>19</xmin>
			<ymin>516</ymin>
			<xmax>109</xmax>
			<ymax>627</ymax>
		</bndbox>
	</object>
	<object>
		<name>false_crossing</name>
		<pose>Unspecified</pose>
		<truncated>0</truncated>
		<difficult>0</difficult>
		<bndbox>
			<xmin>531</xmin>
			<ymin>486</ymin>
			<xmax>620</xmax>
			<ymax>593</ymax>
		</bndbox>
	</object>
</annotation>
